Enter password: ********
Welcome to the MySQL monitor.  Commands end with ; or \g.
Your MySQL connection id is 52
Server version: 8.0.19 MySQL Community Server - GPL

Copyright (c) 2000, 2020, Oracle and/or its affiliates. All rights reserved.

Oracle is a registered trademark of Oracle Corporation and/or its
affiliates. Other names may be trademarks of their respective
owners.

Type 'help;' or '\h' for help. Type '\c' to clear the current input statement.

mysql> show databases;
+--------------------+
| Database           |
+--------------------+
| amin               |
| information_schema |
| mcd                |
| mysql              |
| performance_schema |
| sakila             |
| sys                |
| tp nÂ° 1            |
| world              |
+--------------------+
9 rows in set (0.11 sec)

mysql> use mcd;
Database changed
mysql> show tales;
ERROR 1064 (42000): You have an error in your SQL syntax; check the manual that corresponds to your MySQL server version for the right syntax to use near 'tales' at line 1
mysql> use amin;
Database changed
mysql> show tales;
ERROR 1064 (42000): You have an error in your SQL syntax; check the manual that corresponds to your MySQL server version for the right syntax to use near 'tales' at line 1
mysql> use mysql;
Database changed
mysql> show tables;
+---------------------------+
| Tables_in_mysql           |
+---------------------------+
| columns_priv              |
| component                 |
| db                        |
| default_roles             |
| engine_cost               |
| func                      |
| general_log               |
| global_grants             |
| gtid_executed             |
| help_category             |
| help_keyword              |
| help_relation             |
| help_topic                |
| innodb_index_stats        |
| innodb_table_stats        |
| password_history          |
| plugin                    |
| procs_priv                |
| proxies_priv              |
| role_edges                |
| server_cost               |
| servers                   |
| slave_master_info         |
| slave_relay_log_info      |
| slave_worker_info         |
| slow_log                  |
| tables_priv               |
| time_zone                 |
| time_zone_leap_second     |
| time_zone_name            |
| time_zone_transition      |
| time_zone_transition_type |
| user                      |
+---------------------------+
33 rows in set (0.10 sec)

mysql> select * from db;
+-----------+--------------------+---------------+-------------+-------------+-------------+-------------+-------------+-----------+------------+-----------------+------------+------------+-----------------------+------------------+------------------+----------------+---------------------+--------------------+--------------+------------+--------------+
| Host      | Db                 | User          | Select_priv | Insert_priv | Update_priv | Delete_priv | Create_priv | Drop_priv | Grant_priv | References_priv | Index_priv | Alter_priv | Create_tmp_table_priv | Lock_tables_priv | Create_view_priv | Show_view_priv | Create_routine_priv | Alter_routine_priv | Execute_priv | Event_priv | Trigger_priv |
+-----------+--------------------+---------------+-------------+-------------+-------------+-------------+-------------+-----------+------------+-----------------+------------+------------+-----------------------+------------------+------------------+----------------+---------------------+--------------------+--------------+------------+--------------+
| localhost | performance_schema | mysql.session | Y           | N           | N           | N           | N           | N         | N          | N               | N          | N          | N                     | N                | N                | N              | N                   | N                  | N            | N          | N            |
| localhost | sys                | mysql.sys     | N           | N           | N           | N           | N           | N         | N          | N               | N          | N          | N                     | N                | N                | N              | N                   | N                  | N            | N          | Y            |
+-----------+--------------------+---------------+-------------+-------------+-------------+-------------+-------------+-----------+------------+-----------------+------------+------------+-----------------------+------------------+------------------+----------------+---------------------+--------------------+--------------+------------+--------------+
2 rows in set (0.14 sec)

mysql> select user from db;
+---------------+
| user          |
+---------------+
| mysql.session |
| mysql.sys     |
+---------------+
2 rows in set (0.00 sec)

mysql>
